<?xml version="1.0" encoding="UTF-8"?>
<project-private xmlns="http://www.netbeans.org/ns/project-private/1">
    <editor-bookmarks xmlns="http://www.netbeans.org/ns/editor-bookmarks/2" lastBookmarkId="0"/>
    <open-files xmlns="http://www.netbeans.org/ns/projectui-open-files/2">
        <group>
            <file>file:/H:/xampp/htdocs/onlinesylhet/admin/application/views/products/product_form.php</file>
            <file>file:/H:/xampp/htdocs/onlinesylhet/admin/application/views/shared/footer.php</file>
            <file>file:/H:/xampp/htdocs/onlinesylhet/admin/application/views/brands/brand_form.php</file>
            <file>file:/H:/xampp/htdocs/onlinesylhet/admin/application/views/shared/html_header.php</file>
            <file>file:/H:/xampp/htdocs/onlinesylhet/admin/application/views/users/index.php</file>
            <file>file:/H:/xampp/htdocs/onlinesylhet/admin/application/views/main.php</file>
            <file>file:/H:/xampp/htdocs/onlinesylhet/admin/application/views/brands/index.php</file>
        </group>
    </open-files>
</project-private>
